{
  "filename": "daw_input_data.csv",
  "shape": [
    231825,
    14
  ],
  "columns": [
    "站点编号",
    "时间",
    "气压(Pa）",
    "相对湿度（%）",
    "云量",
    "10米风速（10m/s）",
    "10米风向（°)",
    "温度（K）",
    "辐照强度（J/m2）",
    "降水（m）",
    "100m风速（100m/s）",
    "100m风向（°)",
    "出力(MW)",
    "装机容量(MW)"
  ],
  "target_col": "出力(MW)",
  "time_col": "时间",
  "target_cor_stat": {
    "气压(Pa）": 0.32567929719716404,
    "相对湿度（%）": 0.004259779798554794,
    "云量": 0.10145312200484677,
    "10米风速（10m/s）": 0.5812747901590132,
    "10米风向（°)": -0.2520199555725849,
    "温度（K）": -0.18904205808272684,
    "辐照强度（J/m2）": -0.05320030463084196,
    "降水（m）": -0.020632087099273673,
    "100m风速（100m/s）": 0.5724689208800078,
    "100m风向（°)": -0.24755419088756186,
    "装机容量(MW)": 0.6368940169849417
  }
}